{
    "xgboost": {
        "rmse": 0.27515337403342255,
        "r2": 0.7222425901862053
    },
    "naive_fusion": {
        "epochs": 8,
        "batch_size": 32,
        "lr": 0.001,
        "rmse": 0.2990828415211914,
        "r2": 0.6718299339155553
    },
    "residual_fusion": {
        "epochs": 15,
        "batch_size": 32,
        "lr": 0.0001,
        "rmse": 0.25627757045062455,
        "r2": 0.7590443220665497
    },
    "learned_fusion": {
        "alpha": -0.8565376996994019,
        "rmse": 0.27030432135882004,
        "r2": 0.7319462138135642
    }
}